{"cameraMode":{"drawMode":0,"name":"Shaded","section":"Shading Mode"},"sceneLighting":true,"audioPlay":false,"sceneViewState":{"m_AlwaysRefresh":false,"showFog":true,"showSkybox":true,"showFlares":true,"showImageEffects":true,"showParticleSystems":true,"showVisualEffectGraphs":true,"m_FxEnabled":true},"in2DMode":false,"pivot":{"x":-0.15646934509277345,"y":0.008638381958007813,"z":-2.3371472358703615},"rotation":{"x":-0.11774393171072006,"y":0.6689376831054688,"z":-0.10850688070058823,"w":-0.7258787155151367},"size":10.226146697998047,"orthographic":false}